"weight","client id","total waiting time","duration","total request","priority","completed jobs","time"
-1.0,1,0,7.853928150998181,499,1,1,1625833386924
Infinity,2,23,10.465985907896963,4,1,1,1625833386945
1.5892903209206672E-5,1,33,20.318103829659183,498,1,2,1625833386966
3.976230614549299E-4,1,44,1.6549493439356802,497,1,3,1625833386986
9.967914975183099E-5,1,55,7.306843490733249,496,1,4,1625833387007
4.3394426427452775E-5,1,65,18.08585729355889,495,1,5,1625833387027
7.574425340572238E-5,1,64,7.533103628805783,494,1,6,1625833387048
1.1893364228815449E-4,1,96,13.643457995217162,493,1,7,1625833387068
8.873083646021477E-5,1,54,2.11256970936779,492,1,8,1625833387089
1.114014851465132E-4,1,117,16.29616194059316,491,1,9,1625833387110
1.817515571806775E-4,1,118,9.2595344341364,490,1,10,1625833387131
1.3832169360188278E-4,1,148,19.101701008863948,489,1,11,1625833387152
1.878012602811044E-4,1,118,6.520511285947565,488,1,12,1625833387173
2.720859444546974E-4,1,88,1.6576936179425097,487,1,13,1625833387194
3.364069349089789E-4,1,151,6.098610087734565,486,1,14,1625833387215
4.404124535575377E-4,1,162,5.311526229058041,485,1,15,1625833387236
4.504809714696897E-4,1,234,13.066167065127384,484,1,16,1625833387258
2.411797024712751E-4,1,194,12.003414646521215,483,1,17,1625833387279
2.746374373484192E-4,1,255,20.687295840863065,482,1,18,1625833387300
4.000612779241395E-4,1,144,2.7706741175484675,481,1,19,1625833387321
3.997771717992434E-4,1,226,9.016467709681924,480,1,20,1625833387342
3.8584284330642156E-4,1,268,13.67510433619864,479,1,21,1625833387363
5.119549740772403E-4,1,156,2.163469010416278,478,1,22,1625833387383
4.742559433585548E-4,1,279,10.984419617844111,477,1,23,1625833387404
3.286422697933956E-4,1,279,14.034416144929391,476,1,24,1625833387425
3.500062183348835E-4,1,280,12.553556333418879,475,1,25,1625833387446
4.7545070512108135E-4,1,148,1.492207646524463,474,1,26,1625833387467
4.143300275727574E-4,1,353,17.89220573765843,473,1,27,1625833387488
3.9152442016083313E-4,1,221,4.929564529348544,472,1,28,1625833387509
4.39991345930892E-4,1,344,14.124032058960163,471,1,29,1625833387530
4.919863917891237E-4,1,293,7.86512714148636,470,1,30,1625833387551
5.147875527676635E-4,1,415,18.39140049693865,469,1,31,1625833387572
5.625816987622061E-4,1,345,9.832582594038703,468,1,32,1625833387593
7.008170245857885E-4,1,223,2.3224401692167764,467,1,33,1625833387614
6.469071503366429E-4,1,427,14.019513171879673,466,1,34,1625833387635
7.343818636752963E-4,1,184,1.169856128268746,465,1,35,1625833387656
7.348381530643076E-4,1,459,13.914941584303696,464,1,36,1625833387676
7.318460737866792E-4,1,501,16.87041299014881,463,1,37,1625833387697
7.646626919858871E-4,1,358,6.371044067727421,462,1,38,1625833387717
8.440544830955856E-4,1,389,6.990556975480674,461,1,39,1625833387738
8.187714385220512E-4,1,522,15.12615858795948,460,1,40,1625833387759
7.816754973044984E-4,1,339,4.757460206626291,459,1,41,1625833387780
8.4090339759883E-4,1,523,13.778895720706076,458,1,42,1625833387801
9.378110979300975E-4,1,401,5.9457090487418,457,1,43,1625833387822
9.443244784870301E-4,1,473,8.8855524069938,456,1,44,1625833387843
0.0010151685107741405,1,454,7.225657006825822,455,1,45,1625833387864
0.0010376299430730057,1,402,4.962077869037291,454,1,46,1625833387885
0.0010310034713146672,1,597,13.81885212027511,453,1,47,1625833387906
0.0018942197400573576,2,4,18.997182308254583,3,1,2,1625833387927
0.0011282179116916373,1,618,13.572301712132358,452,1,48,1625833387948
0.0012070092459712642,1,629,13.007302916538354,451,1,49,1625833387968
0.00132177529220532,1,406,3.6163730519858097,450,1,50,1625833387989
0.0013180873331174858,1,610,10.472275554245545,449,1,51,1625833388010
0.0012025812334768029,1,478,5.749850065923111,448,1,52,1625833388031
0.001234047592377159,1,784,20.24125573217594,447,1,53,1625833388052
0.0012590942122813926,1,550,7.624997231662039,446,1,54,1625833388073
0.0012704060645413449,1,642,11.062255325749023,445,1,55,1625833388094
0.0012866046702712187,1,816,20.002394644083708,444,1,56,1625833388115
0.0013323403141532336,1,704,12.849042662128957,443,1,57,1625833388135
0.001287113277674032,1,542,6.453368578454447,442,1,58,1625833388156
0.00138437037550976,1,512,5.072900200091308,441,1,59,1625833388177
0.0014930921458033333,1,552,5.688315400329346,440,1,60,1625833388198
0.0016681565729232805,1,329,1.226532191440425,439,1,61,1625833388218
0.001727029080504434,1,635,6.922597498421025,438,1,62,1625833388239
0.0018078610671101011,1,717,8.971554150506117,437,1,63,1625833388260
0.001520677260851525,1,778,12.654148243677685,436,1,64,1625833388280
0.0015370543082811581,1,921,19.030947054807612,435,1,65,1625833388301
0.001533958258329723,1,626,6.7543317731412085,434,1,66,1625833388322
0.001611736429212974,1,850,14.231089219528368,433,1,67,1625833388343
0.0014613204285866483,1,830,14.21669743486616,432,1,68,1625833388364
0.0015018347626881588,1,750,10.426228308280418,431,1,69,1625833388384
0.0013183159341924769,1,944,20.874466197502308,430,1,70,1625833388405
0.0014212493897340077,1,568,5.025161040346672,429,1,71,1625833388426
0.001403716824177168,1,568,4.9819162830301895,428,1,72,1625833388447
0.001482707237178046,1,751,9.810453501601359,427,1,73,1625833388468
0.0016516793412473245,1,406,1.6824558539778103,426,1,74,1625833388489
0.0015988816868385432,1,997,18.575882500218658,425,1,75,1625833388509
0.0016793185406515081,1,468,2.3448225961335414,424,1,76,1625833388530
0.0018856065721638505,1,428,1.629651921883636,423,1,77,1625833388551
0.0019192082449200874,1,541,2.9804273866771416,422,1,78,1625833388572
0.0017837154191171507,1,998,15.821949764332768,421,1,79,1625833388593
0.0018648758681922208,1,989,14.628393369046597,420,1,80,1625833388614
0.0018321384358756531,1,1061,17.549603436562105,419,1,81,1625833388634
0.001931087197459996,1,440,1.579993527448528,418,1,82,1625833388655
0.0020434192654051222,1,767,6.600974859366239,417,1,83,1625833388676
0.001924015433618115,1,859,9.232298410452735,416,1,84,1625833388697
0.001991980730167549,1,707,5.26955704359969,415,1,85,1625833388718
0.001976974248034336,1,748,6.068206062299014,414,1,86,1625833388739
0.0020449353835463643,1,1196,19.916484914008535,413,1,87,1625833388760
0.0020945028401035044,1,526,2.1788502347833463,412,1,88,1625833388781
0.0021463214646330166,1,1095,14.760310783529182,411,1,89,1625833388802
0.0022301041594769634,1,1076,13.433109567842632,410,1,90,1625833388822
0.00228181382310874,1,638,3.258196773415664,409,1,91,1625833388843
0.002416736695509093,1,843,6.420626937940421,408,1,92,1625833388864
0.002737215167436568,1,446,1.0203251867064913,407,1,93,1625833388885
0.00288840159582889,1,548,1.6914999040428649,406,1,94,1625833388906
0.0029181320919165585,1,813,4.757152646616138,405,1,95,1625833388927
0.22518652120614951,2,25,11.852389889707222,2,1,3,1625833388947
0.0028309339785002885,1,835,5.175691840628668,404,1,96,1625833388968
0.0031465138119031585,1,519,1.3001880031153736,403,1,97,1625833388989
0.0030744645493188177,1,1029,8.157050244373037,402,1,98,1625833389009
0.0029984438305111273,1,1375,17.552668133096397,401,1,99,1625833389030
0.003135994359221871,1,867,4.977657504327281,400,1,100,1625833389051
0.0031917064361724314,1,917,5.63033289195832,399,1,101,1625833389072
0.003323219046879001,1,1051,7.685019704622417,398,1,102,1625833389092
0.003415009129949681,1,1153,9.462667938267952,397,1,103,1625833389113
0.0035076810248070747,1,1449,16.59132641999586,396,1,104,1625833389134
0.0036105095835822464,1,1367,13.775191524965695,395,1,105,1625833389155
0.003858646795785413,1,767,2.795233599683943,394,1,106,1625833389176
0.00370089884266088,1,1429,14.791714056696637,393,1,107,1625833389196
0.0038412761304757585,1,900,4.2067049087276,392,1,108,1625833389217
0.0035143269975408875,1,1389,14.081540457468337,391,1,109,1625833389238
0.003639670693823903,1,1115,7.603116320413789,390,1,110,1625833389259
0.003540666615712254,1,1604,19.891068578003395,389,1,111,1625833389279
0.003565304204318224,1,1564,18.339065057780473,388,1,112,1625833389300
0.0036069579974410382,1,1564,17.98100220574287,387,1,113,1625833389321
0.003738836491076573,1,963,4.857114484557005,386,1,114,1625833389342
0.003806380223923724,1,1412,12.915720722994568,385,1,115,1625833389362
0.003913294430360547,1,1555,16.055749074965007,384,1,116,1625833389383
0.004013738561551388,1,1210,8.089433576671784,383,1,117,1625833389404
0.004059678569387421,1,1556,15.301858361293236,382,1,118,1625833389425
0.004127569706293997,1,1639,17.091431045662553,381,1,119,1625833389446
0.004203484141192054,1,1740,19.512885724966228,380,1,120,1625833389467
0.004186575531958452,1,1313,9.323026611363407,379,1,121,1625833389487
0.0042885574889325,1,683,1.5923406686554267,378,1,122,1625833389508
0.0045666308424779705,1,663,1.3778065827433164,377,1,123,1625833389529
0.0045668405547718924,1,958,3.67706402730036,376,1,124,1625833389550
0.0046531226178303025,1,1630,14.466551778302907,375,1,125,1625833389571
0.004793080105948439,1,1112,5.138537464109029,374,1,126,1625833389592
0.004882972791265094,1,1815,18.053047838089984,373,1,127,1625833389613
0.0049984306942384175,1,1815,17.558823653134688,372,1,128,1625833389633
0.004909341829679789,1,910,2.885831171815975,371,1,129,1625833389654
0.005050126883897826,1,1573,11.822599020430982,370,1,130,1625833389675
0.005079643091583005,1,1400,8.613850400595402,369,1,131,1625833389696
0.00490101133523295,1,1258,6.662229385451482,368,1,132,1625833389717
0.005116953628520905,1,1166,5.223873382204424,367,1,133,1625833389738
0.005214560166425737,1,1126,4.645458640170252,366,1,134,1625833389758
0.00538322097255028,1,832,2.002569520212795,365,1,135,1625833389779
0.0055931629808774605,1,731,1.3560099485059043,364,1,136,1625833389800
0.0057920902358732295,1,1432,7.830091275177517,363,1,137,1625833389821
0.005763267220773677,1,1148,4.359603876575072,362,1,138,1625833389842
0.005714302390518925,1,1617,10.726314627860809,361,1,139,1625833389862
0.005851715243536588,1,1882,15.491653716238158,360,1,140,1625833389883
0.006138803013441952,1,1098,3.6014903369074127,359,1,141,1625833389904
0.006146883067730874,1,1272,5.266804555436159,358,1,142,1625833389925
0.044461128480392846,2,23,18.342142236008286,1,1,4,1625833389945
0.006624807710943186,1,1282,5.013700131122611,357,1,143,1625833389966
0.006808453139661672,1,1436,6.550492711186575,356,1,144,1625833389986
0.0068459379366612805,1,1679,9.7673888901903,355,1,145,1625833390007
0.0070481514700428335,1,1538,7.52983226750248,354,1,146,1625833390027
0.007268515074254669,1,1538,7.281523419262061,353,1,147,1625833390048
0.007091683435922423,1,2291,20.852351009603982,352,1,148,1625833390069
0.007291746747270864,1,1254,4.1950804034674825,351,1,149,1625833390089
0.007534792037415799,1,1000,2.2203672836457424,350,1,150,1625833390110
0.0077333687212422,1,787,1.134926010259413,349,1,151,1625833390131
0.007659362211208504,1,1733,9.25320014090571,348,1,152,1625833390151
0.00786776028520719,1,1133,2.9353432059530107,347,1,153,1625833390172
0.007971549493973778,1,2273,17.91312290768845,346,1,154,1625833390193
0.008138436038189442,1,972,1.8727601692968334,345,1,155,1625833390214
0.008617115331588838,1,870,1.3173566444369214,344,1,156,1625833390235
0.008194707797822458,1,1592,6.818349783045638,343,1,157,1625833390255
0.008114853888527979,1,1746,8.714428444828451,342,1,158,1625833390276
0.008272821289722485,1,2133,14.36237022952271,341,1,159,1625833390297
0.00846850352955255,1,843,1.2027015093391027,340,1,160,1625833390318
0.008572054795005822,1,1411,4.692454616027447,339,1,161,1625833390339
0.00863150754476088,1,1625,6.723700640479268,338,1,162,1625833390360
0.008843722728990108,1,2013,11.466002696844068,337,1,163,1625833390380
0.008963434034695522,1,2502,19.822359774175077,336,1,164,1625833390401
0.00894488934101998,1,2452,18.77294092643745,335,1,165,1625833390422
0.009058302910835793,1,2371,16.960022385025134,334,1,166,1625833390443
0.009146559514394512,1,1943,10.003294150068506,333,1,167,1625833390464
0.009144377745859102,1,1608,6.077231249271801,332,1,168,1625833390485
0.009320428290935509,1,938,1.4217318373068002,331,1,169,1625833390506
0.009499385454618162,1,2474,17.900610749885978,330,1,170,1625833390527
0.00970911773647905,1,2322,14.858152606361918,329,1,171,1625833390548
0.009874741791237717,1,2282,13.9501640240738,328,1,172,1625833390568
0.010016741219397605,1,2659,20.389003274784077,327,1,173,1625833390589
0.010229517778923714,1,2304,13.780130739200779,326,1,174,1625833390610
0.010104661136455249,1,1501,4.528810210157609,325,1,175,1625833390631
0.010432811280064576,1,1674,5.850167274077193,324,1,176,1625833390652
0.010725507275315195,1,964,1.311557138233034,323,1,177,1625833390673
0.010575126101759025,1,1797,6.919730405704877,322,1,178,1625833390694
0.011116272170257919,1,1026,1.4935191630724822,321,1,179,1625833390715
0.010928747198449855,1,2643,18.228385734081147,320,1,180,1625833390736
0.011202317939655069,1,1981,8.419788521680314,319,1,181,1625833390757
0.011380022299301174,1,2511,15.337776867619414,318,1,182,1625833390777
0.01162721200864935,1,2349,12.634041129804976,317,1,183,1625833390798
0.011820740938459223,1,1384,3.102366385119099,316,1,184,1625833390819
0.011966383819670807,1,2502,14.450807704451384,315,1,185,1625833390840
0.012329476523153906,1,1904,6.8950751191052415,314,1,186,1625833390861
0.011939460959365154,1,1913,7.1668626037651,313,1,187,1625833390882
0.01193758326767875,1,2056,8.625048391123375,312,1,188,1625833390903
0.012139470925502518,1,1153,1.8402145029814934,311,1,189,1625833390924
0.33675913449951705,2,23,6.565317683544812,0,1,5,1625833390945
0.012403790755475085,1,1754,5.485533747257828,310,1,190,1625833390966
0.012999474248791887,1,1064,1.3925142275592375,309,1,191,1625833390987
0.012951415095848065,1,2579,14.364854605250615,308,1,192,1625833391007
0.013154899314249478,1,1867,6.09643386309145,307,1,193,1625833391028
0.013260162347849052,1,2509,13.057509751794875,306,1,194,1625833391049
0.013694115744449743,1,1776,5.1489956661747645,305,1,195,1625833391070
0.013486220451472299,1,2855,17.910215993920755,304,1,196,1625833391091
0.013852548966744196,1,1554,3.568523322692866,303,1,197,1625833391112
0.013924581619595294,1,1910,6.104845309397829,302,1,198,1625833391132
0.014599912980096294,1,1079,1.2831540786026587,301,1,199,1625833391153
0.014261661037312742,1,2156,8.1836946960921,300,1,200,1625833391174
0.014349432106363032,1,1577,3.5748883503564213,299,1,201,1625833391195
0.014464177494041091,1,2451,11.265245155120425,298,1,202,1625833391216
0.014391055097024425,1,2055,7.133707639906714,297,1,203,1625833391237
0.014570923706845072,1,2757,15.135587887896694,296,1,204,1625833391257
0.014607949050725677,1,2463,11.26207075497005,295,1,205,1625833391278
0.014934598905106221,1,2098,7.26680543752893,294,1,206,1625833391299
0.015344646738429236,1,2087,6.999950669190335,293,1,207,1625833391320
0.015644531680418614,1,2403,9.925631136016168,292,1,208,1625833391341
0.015900673634399697,1,1825,4.760487771506947,291,1,209,1625833391361
0.015925463521970426,1,2049,6.436639024249006,290,1,210,1625833391382
0.016036547849426347,1,3056,18.06554769127265,289,1,211,1625833391403
0.016417692170168797,1,2253,8.022340800033035,288,1,212,1625833391424
0.01631214631047251,1,2447,9.997480821872841,287,1,213,1625833391445
0.016961778148870905,1,1463,2.4979356478892614,286,1,214,1625833391466
0.017180548611304677,1,2072,6.190243509024111,285,1,215,1625833391487
0.01712971302665604,1,2804,13.627273383016732,284,1,216,1625833391508
0.01695422173902243,1,2266,7.899188483153342,283,1,217,1625833391529
0.017214082432016036,1,2988,15.982549299419961,282,1,218,1625833391549
0.017657046772608834,1,2064,5.969992121268476,281,1,219,1625833391570
0.01794354567607493,1,2217,7.097517964457788,280,1,220,1625833391592
0.018208310748629428,1,3001,15.393200831965927,279,1,221,1625833391613
0.01869589187208957,1,1883,4.465712914309453,278,1,222,1625833391634
0.018937833812498524,1,2930,13.987644420858471,277,1,223,1625833391655
0.018618845460788534,1,3033,15.520063849994454,276,1,224,1625833391676
0.018909314932824387,1,3420,20.878046436374447,275,1,225,1625833391697
0.019308644704588217,1,2658,10.688540607541558,274,1,226,1625833391718
0.019742067127403305,1,2598,9.884014423419737,273,1,227,1625833391739
0.019574888645090886,1,3361,19.3941666511232,272,1,228,1625833391760
0.020059335693037795,1,1645,2.9394513909352296,271,1,229,1625833391781
0.020401735856214926,1,2915,12.96785448825107,270,1,230,1625833391802
0.020238386569103137,1,3241,17.18296922180705,269,1,231,1625833391823
0.020153830869839698,1,1718,3.28874602531407,268,1,232,1625833391844
0.0205614768114364,1,2947,13.271782084125535,267,1,233,1625833391865
0.02137831292858655,1,1648,2.800959554256889,266,1,234,1625833391885
0.021563328936792747,1,2177,5.7953041988951455,265,1,235,1625833391906
0.022000473199253082,1,2827,11.266669610903945,264,1,236,1625833391927
0.022182425251291524,1,2796,10.88728323179543,263,1,237,1625833391948
0.021716477086630437,1,3173,15.390479923564945,262,1,238,1625833391968
0.021369117975304174,1,2138,5.590242029342793,261,1,239,1625833391989
0.02098935239014474,1,3336,18.078635451527482,260,1,240,1625833392010
0.02131187352643466,1,3317,17.593166790825887,259,1,241,1625833392030
0.021266365188159556,1,2464,8.16281766539765,258,1,242,1625833392051
0.021156943431912826,1,2088,5.327898086277438,257,1,243,1625833392072
0.021521701541144474,1,2576,9.09377526536187,256,1,244,1625833392092
0.021860063381432992,1,3023,13.610752237416463,255,1,245,1625833392113
0.022865876917240253,1,1308,1.44414113747544,254,1,246,1625833392134
0.02263500140778086,1,2658,9.492215708178534,253,1,247,1625833392155
0.02308072402187725,1,2923,11.957662646182847,252,1,248,1625833392176
0.02363422970805566,1,2883,11.322804610104367,251,1,249,1625833392197
0.024090897845806102,1,2153,5.206990941942761,250,1,250,1625833392217
0.024276647681269362,1,3616,19.9387464816704,249,1,251,1625833392238
0.025083969224073015,1,1584,2.2441633049435574,248,1,252,1625833392259
0.02512028354782357,1,2235,5.568089477645525,247,1,253,1625833392279
0.02563080324839191,1,1271,1.225255878837436,246,1,254,1625833392300
0.02587927214594348,1,3719,20.453680891020934,245,1,255,1625833392321
0.0263746095760918,1,3292,14.715394316886718,244,1,256,1625833392342
0.026825156038635688,1,3506,17.100010253494926,243,1,257,1625833392363
0.02748154784892595,1,2237,5.21479815449479,242,1,258,1625833392383
0.028362089957767986,1,1426,1.541780254700952,241,1,259,1625833392404
0.028527398185517753,1,2635,7.783397410736772,240,1,260,1625833392425
0.029351419703506094,1,2128,4.348428514885047,239,1,261,1625833392446
0.029728289378405697,1,2595,7.255875229952073,238,1,262,1625833392467
0.03015627405705404,1,2159,4.4335117852714925,237,1,263,1625833392487
0.030922157407121953,1,2748,8.178414912504138,236,1,264,1625833392508
0.03239234891223227,1,1286,1.0540543179588338,235,1,265,1625833392529
0.032030400145254774,1,3470,14.618647402147676,234,1,266,1625833392550
0.03271440025220897,1,3186,11.533846661519622,233,1,267,1625833392571
0.03397903435862357,1,1643,1.9641683973205772,232,1,268,1625833392591
0.03293380927827579,1,2253,4.668005375426697,231,1,269,1625833392612
0.03318462893641956,1,2386,5.4065346983474445,230,1,270,1625833392633
0.03383420481576965,1,3899,19.108355591258057,229,1,271,1625833392654
0.03449216213568338,1,3036,9.865093866737519,228,1,272,1625833392675
0.03484984320235301,1,3910,18.872609014539602,227,1,273,1625833392695
0.035711354531757986,1,2803,7.830661619668743,226,1,274,1625833392716
0.03658602899116111,1,2651,6.647115076880958,225,1,275,1625833392736
0.03727190331388414,1,2864,8.034129094837294,224,1,276,1625833392757
0.03720543868997132,1,2682,6.798387479610443,223,1,277,1625833392778
0.037844137023446626,1,3353,12.017288136842385,222,1,278,1625833392799
0.03840570022378607,1,3080,9.551805281086732,221,1,279,1625833392819
0.0388092745036384,1,3933,17.886130373134463,220,1,280,1625833392840
0.039185956219065655,1,2643,6.348702030137633,219,1,281,1625833392861
0.040182686083198485,1,2857,7.635798493729215,218,1,282,1625833392881
0.040657422690775304,1,3914,17.161645463349764,217,1,283,1625833392902
0.041512977144235005,1,3275,10.670896771656768,216,1,284,1625833392923
0.04201626519211533,1,2991,8.374529635051035,215,1,285,1625833392944
0.04257793518723265,1,3773,15.187533435209366,214,1,286,1625833392965
0.042213016246057236,1,3103,9.251669183110753,213,1,287,1625833392986
0.043384176454519814,1,2505,5.1870590204902625,212,1,288,1625833393006
0.04368277580567796,1,2008,2.8915068717285144,211,1,289,1625833393027
0.04459006234829293,1,3237,9.973182340917674,210,1,290,1625833393048
0.04549818548680312,1,4060,17.696815811479592,209,1,291,1625833393069
0.04657541835890864,1,2811,6.708445153482322,208,1,292,1625833393090
0.047613521026487256,1,2263,3.7423641877733895,207,1,293,1625833393110
0.047699284805966406,1,2823,6.7047181335624515,206,1,294,1625833393131
0.04749153305367255,1,3189,9.28933259527004,205,1,295,1625833393152
0.04786732334169888,1,2579,5.329001257874583,204,1,296,1625833393173
0.047628185902400186,1,3870,15.44324907383268,203,1,297,1625833393194
0.04732328709828476,1,3617,13.101063253663364,202,1,298,1625833393214
0.048994748764312146,1,1871,2.270208699063615,201,1,299,1625833393235
0.04952950609414469,1,2693,5.907363273145879,200,1,300,1625833393256
0.050193268034664236,1,3455,11.224608275537115,199,1,301,1625833393276
0.05159529626141735,1,2806,6.409290378453113,198,1,302,1625833393297
0.05166253682017974,1,2868,6.813405270928451,197,1,303,1625833393318
0.05293084574259836,1,3284,9.549994183990798,196,1,304,1625833393339
0.05364894812629523,1,3071,7.966014102528324,195,1,305,1625833393360
0.05576533718917709,1,1447,1.0582768718326387,194,1,306,1625833393380
0.056403938383135704,1,2025,2.5836860845990497,193,1,307,1625833393401
0.05801521733637417,1,2584,4.817454576383792,192,1,308,1625833393421
0.05788881143794037,1,3326,9.389214713497228,191,1,309,1625833393441
0.058765033482067776,1,3042,7.384322826886253,190,1,310,1625833393462
0.05929071891118101,1,4027,15.267136239164754,189,1,311,1625833393483
0.06022873833994748,1,3246,8.660637652628772,188,1,312,1625833393503
0.06149839415719439,1,4038,15.06890884010365,187,1,313,1625833393524
0.06279965257440183,1,2922,6.4259882850676195,186,1,314,1625833393545
0.06266942433715474,1,3125,7.722045966517323,185,1,315,1625833393566
0.0630658495126467,1,4557,20.50658975505867,184,1,316,1625833393586
0.06452361622559664,1,3928,13.795770757982543,183,1,317,1625833393607
0.06585946510648812,1,4202,16.2419485989703,182,1,318,1625833393628
0.06664994290310475,1,3868,13.057278151801246,181,1,319,1625833393648
0.06788424076887173,1,4397,18.01049878379767,180,1,320,1625833393669
0.06880636260111259,1,3462,9.659640692176415,179,1,321,1625833393690
0.06624199641969546,1,4011,14.702722989448208,178,1,322,1625833393711
0.06745954531326931,1,4449,19.03635626194303,177,1,323,1625833393731
0.06849627926914659,1,4175,16.058404324611402,176,1,324,1625833393752
0.06997536196272222,1,4652,20.98433071950651,175,1,325,1625833393773
0.07133936862656828,1,3444,9.552047354830554,174,1,326,1625833393794
0.07246381237656517,1,4288,16.73755032939203,173,1,327,1625833393814
0.07408694742987583,1,2146,2.712322444897616,172,1,328,1625833393835
0.07591387759502574,1,3699,11.139327917960337,171,1,329,1625833393856
0.07676029824431829,1,4482,18.245520117858153,170,1,330,1625833393876
0.07771535416503456,1,3243,7.86648805382994,169,1,331,1625833393897
0.07917865568763137,1,4614,19.43899244807726,168,1,332,1625833393918
0.0797035430439226,1,3539,9.80720995046011,167,1,333,1625833393938
0.07960726779086955,1,2645,4.625530433869237,166,1,334,1625833393959
0.08087172090588476,1,3681,10.89826403773579,165,1,335,1625833393980
0.08245399611632236,1,2879,5.695471555234891,164,1,336,1625833394000
0.08368704420805687,1,3449,9.07417469743762,163,1,337,1625833394021
0.08482269059629288,1,4211,15.165427058137837,162,1,338,1625833394042
0.08562582170673794,1,4708,20.224470172214623,161,1,339,1625833394062
0.08751943520798983,1,3094,6.741418764141535,160,1,340,1625833394083
0.09025789083752954,1,2383,3.337901601566552,159,1,341,1625833394103
0.09060744152277508,1,4658,19.21960308581984,158,1,342,1625833394124
0.09308743170954156,1,2841,5.247500880543891,157,1,343,1625833394144
0.09457354933125713,1,4761,19.930853585860547,156,1,344,1625833394165
0.09760197750716967,1,2262,2.812762743191323,155,1,345,1625833394186
0.09853941523921166,1,3654,9.881483049357179,154,1,346,1625833394206
0.10034025098018932,1,3685,10.033656825530512,153,1,347,1625833394227
0.10218850255298854,1,4213,14.104567777485883,152,1,348,1625833394248
0.10465150176860566,1,3838,10.951430534729745,151,1,349,1625833394268
0.10655313332120578,1,2904,5.261645146194808,150,1,350,1625833394289
0.10839362317934402,1,3077,6.09242154863216,149,1,351,1625833394310
0.11022137702450337,1,4662,17.8074861242422,148,1,352,1625833394330
0.11213123269724641,1,3240,6.897320607177399,147,1,353,1625833394351
0.11482917528259243,1,3982,11.668602741014212,146,1,354,1625833394371
0.11749877789813963,1,4764,18.349338618596214,145,1,355,1625833394392
0.11926875408344687,1,3799,10.19647690615249,144,1,356,1625833394413
0.12115305881920335,1,4227,13.392189841914147,143,1,357,1625833394433
0.12363667598919299,1,4460,15.277587054642915,142,1,358,1625833394454
0.12641717756327733,1,3272,6.775137443595031,141,1,359,1625833394474
0.12852493829467643,1,4775,17.9876621297167,140,1,360,1625833394495
0.1315502716380231,1,4501,15.294888336790398,139,1,361,1625833394515
0.13495797572397294,1,4675,16.6771354207841,138,1,362,1625833394536
0.13691206989350055,1,3425,7.4374610156714045,137,1,363,1625833394557
0.13801085002984892,1,5031,20.19439742444699,136,1,364,1625833394577
0.1412352224896542,1,4991,19.61088202435114,135,1,365,1625833394598
0.14483594864022642,1,2625,3.648098473077556,134,1,366,1625833394619
0.14781827863987046,1,4158,12.038977786354033,133,1,367,1625833394639
0.15099901872020696,1,4728,16.6622582546629,132,1,368,1625833394660
0.1560491120604304,1,3205,5.972428551622099,131,1,369,1625833394681
0.1582556179558992,1,4860,17.584825831025686,130,1,370,1625833394701
0.16070608232652625,1,3712,8.747250027508471,129,1,371,1625833394722
0.1649420545528444,1,4546,14.629053260767627,128,1,372,1625833394742
0.16933612637373882,1,4962,18.149799032303406,127,1,373,1625833394762
0.1692553710818217,1,5125,19.966859774880504,126,1,374,1625833394783
0.17228599525610216,1,3997,10.481808601573674,125,1,375,1625833394803
0.17623474835154487,1,4221,11.98377108732057,124,1,376,1625833394824
0.1791075962246308,1,4028,10.606758670207995,123,1,377,1625833394845
0.18433303230475867,1,4150,11.319191536061181,122,1,378,1625833394865
0.18223727911456306,1,4912,17.90483328187953,121,1,379,1625833394886
0.18718735361348543,1,4639,15.29373821824224,120,1,380,1625833394907
0.1910784801246775,1,4761,16.28156973118655,119,1,381,1625833394927
0.19553557040948144,1,3777,8.884129550240607,118,1,382,1625833394948
0.19967579447225156,1,4630,14.994903608850436,117,1,383,1625833394969
0.20276490845104564,1,4112,11.034755461339863,116,1,384,1625833394989
0.2078646119584297,1,5107,19.174881780619963,115,1,385,1625833395009
0.21130288887017465,1,4325,12.48423801159675,114,1,386,1625833395030
0.2163529413582584,1,3310,6.193823759646408,113,1,387,1625833395050
0.21975713095080737,1,3716,8.383179500456162,112,1,388,1625833395070
0.22613677331523374,1,3827,8.960003240659557,111,1,389,1625833395091
0.23058164753422172,1,3493,7.0473657581780715,110,1,390,1625833395111
0.23820465374951347,1,3798,8.650856606295232,109,1,391,1625833395132
0.24122554848509917,1,5209,19.674531493775945,108,1,392,1625833395152
0.23999514258074617,1,5068,18.6920144259767,107,1,393,1625833395173
0.24299593377040818,1,4103,10.889985442000267,106,1,394,1625833395194
0.24941653677589473,1,3515,7.2330954409887385,105,1,395,1625833395214
0.2577552320893743,1,3343,6.267468620600937,104,1,396,1625833395235
0.2652095838675319,1,4876,16.551162581661735,103,1,397,1625833395255
0.2684702857317176,1,3851,9.039289542321612,102,1,398,1625833395276
0.27577591316598854,1,4136,10.809633756945633,101,1,399,1625833395297
0.285345440003132,1,4409,12.602317134177873,100,1,400,1625833395317
0.28967091225419483,1,4673,14.706450172528227,99,1,401,1625833395338
0.2983957779377392,1,4826,15.845100125708807,98,1,402,1625833395358
0.30746435517687903,1,4907,16.410940998864096,97,1,403,1625833395378
0.31595978543265163,1,5030,17.387479789917187,96,1,404,1625833395399
0.32472618008698406,1,4207,10.902178082215698,95,1,405,1625833395419
0.33448220161083986,1,3689,7.693624578828268,94,1,406,1625833395439
0.34289515770286155,1,4938,16.324117977998316,93,1,407,1625833395460
0.3530560007413163,1,4430,12.25917292566545,92,1,408,1625833395480
0.36097160969162,1,3964,9.18553791928415,91,1,409,1625833395501
0.3752987349138681,1,3710,7.625993053883454,90,1,410,1625833395521
0.38601116805969987,1,4289,11.058475572478454,89,1,411,1625833395542
0.39651386415828993,1,3761,7.839256787497376,88,1,412,1625833395562
0.40384728454357877,1,4025,9.39231505135545,87,1,413,1625833395582
0.4167492482115025,1,5427,20.187138167369568,86,1,414,1625833395603
0.4314337556699351,1,4015,9.185482869104323,85,1,415,1625833395623
0.44555454912578984,1,5184,17.662416844067728,84,1,416,1625833395644
0.4624964518806189,1,4147,9.81623964532399,83,1,417,1625833395664
0.47603434629312125,1,4939,15.379428239684941,82,1,418,1625833395684
0.4916037786156829,1,5518,20.34320160218684,81,1,419,1625833395705
0.5091077531445658,1,4970,15.414011116255905,80,1,420,1625833395725
0.5291168800269743,1,4604,12.52209306592912,79,1,421,1625833395745
0.5410631341767991,1,4117,9.403487225453132,78,1,422,1625833395766
0.5532694107286251,1,4899,14.817108477548395,77,1,423,1625833395786
0.5736564687711446,1,3954,8.44144280644014,76,1,424,1625833395806
0.5952383827394458,1,5143,16.537661485086517,75,1,425,1625833395827
0.6151659579583498,1,4787,13.69431522562147,74,1,426,1625833395847
0.6283186422669362,1,5458,19.330680088701087,73,1,427,1625833395867
0.6484468469205305,1,4960,15.073867799470337,72,1,428,1625833395888
0.6768047124217564,1,4128,9.270345310217177,71,1,429,1625833395908
0.7063420200548752,1,4473,11.289543304855295,70,1,430,1625833395929
0.7329016818259383,1,4950,14.599422716234592,69,1,431,1625833395949
0.7579258276282486,1,5204,16.57812739606643,68,1,432,1625833395969
0.7785782393657379,1,4951,14.635384655833418,67,1,433,1625833395990
0.8053751930603906,1,4503,11.442446653395764,66,1,434,1625833396010
0.8269243991090748,1,4584,12.050515272638531,65,1,435,1625833396030
0.8673068790074545,1,4210,9.544061732757562,64,1,436,1625833396051
0.9086569638518815,1,4311,10.045436643062132,63,1,437,1625833396071
0.9467577175991241,1,4138,8.982995270969921,62,1,438,1625833396091
0.98091382230273,1,4342,10.173668572968428,61,1,439,1625833396112
1.0262613299153587,1,5549,19.02715555001959,60,1,440,1625833396132
1.0696987140885543,1,4605,11.712166032899384,59,1,441,1625833396152
1.1113784579162453,1,4677,12.179132066950848,58,1,442,1625833396173
1.156252002855459,1,5275,16.60226759071012,57,1,443,1625833396193
1.203266264434462,1,5437,17.932809728543063,56,1,444,1625833396214
1.2605633756683712,1,4819,13.054866148552172,55,1,445,1625833396234
1.3158457789659663,1,5184,15.735543181309016,54,1,446,1625833396254
1.3847014143441503,1,4788,12.710388349700416,53,1,447,1625833396275
1.4474625542165467,1,4728,12.27539328915697,52,1,448,1625833396295
1.5244061222929786,1,5803,20.670165487503635,51,1,449,1625833396315
1.6102417971900616,1,5114,14.785786278107178,50,1,450,1625833396336
1.6929990876058858,1,5012,13.979393115399917,49,1,451,1625833396356
1.7858929198213374,1,5682,19.193457885225747,48,1,452,1625833396376
1.8775708668613962,1,5539,17.928522702799583,47,1,453,1625833396397
1.9959902118403618,1,4474,10.207594316795975,46,1,454,1625833396417
2.1071082206773593,1,5804,19.910568580509537,45,1,455,1625833396437
2.2250472011557605,1,5813,19.92149995815322,44,1,456,1625833396457
2.319389159223482,1,5753,19.56047395576274,43,1,457,1625833396478
2.4524504609130346,1,5103,14.332266015903983,42,1,458,1625833396498
2.6012906596289644,1,5225,15.173451828523909,41,1,459,1625833396518
2.7621370377733885,1,5357,16.11775675729744,40,1,460,1625833396539
2.9021568317997883,1,5824,20.126814652484384,39,1,461,1625833396559
3.0911017042806774,1,5611,18.220968128338328,38,1,462,1625833396579
3.2728586312903807,1,5449,16.939683581645532,37,1,463,1625833396600
3.518141438652386,1,5834,20.025699776046086,36,1,464,1625833396620
3.748428681161322,1,5174,14.706864821688365,35,1,465,1625833396640
4.037048618825618,1,5702,18.757983399521876,34,1,466,1625833396661
4.363476758405981,1,5246,15.001759324795342,33,1,467,1625833396681
4.712193853707391,1,5804,19.357147104599413,32,1,468,1625833396701
5.109868169934767,1,5855,19.646505858177658,31,1,469,1625833396722
5.543626241127975,1,5418,16.003655218117586,30,1,470,1625833396742
6.017643958948273,1,5966,20.426772052671822,29,1,471,1625833396762
6.431245910157589,1,5844,19.598753885063157,28,1,472,1625833396782
6.95376518335257,1,5225,14.74726100834027,27,1,473,1625833396803
7.501834585171337,1,4992,13.230922326104047,26,1,474,1625833396823
8.104198177828783,1,5174,14.669241789216162,25,1,475,1625833396843
8.853419037798357,1,5266,15.41216406165009,24,1,476,1625833396864
9.849368705418307,1,5611,18.012364757137174,23,1,477,1625833396884
10.991764266782885,1,4941,12.885599211271936,22,1,478,1625833396904
12.311660644098508,1,5824,19.568796647941518,21,1,479,1625833396925
13.807220535923012,1,5266,15.05126332420136,20,1,480,1625833396945
15.387627835019064,1,5438,16.47886167243999,19,1,481,1625833396965
17.272263658372673,1,5905,20.504314331148784,18,1,482,1625833396986
19.773991869043513,1,5276,15.269208428362916,17,1,483,1625833397006
22.955574939778174,1,5144,14.165798808986931,16,1,484,1625833397026
26.51722234608781,1,5854,19.796894755963454,15,1,485,1625833397046
31.188407590629957,1,5784,19.08031786691406,14,1,486,1625833397067
37.126106634123914,1,5377,15.711909001410108,13,1,487,1625833397087
44.04037977752844,1,5448,16.366583716454873,12,1,488,1625833397107
53.65109812990788,1,5225,14.643389636598881,11,1,489,1625833397127
65.72193062835582,1,5559,17.2866512278332,10,1,490,1625833397147
81.61737450648027,1,5295,15.426780386760692,9,1,491,1625833397167
102.95700123323518,1,5550,17.73769081615328,8,1,492,1625833397188
130.88800803004446,1,5803,20.65276196242303,7,1,493,1625833397208
171.93046196642695,1,5600,19.63035341600867,6,1,494,1625833397228
249.75615317144238,1,5427,18.025814329841126,5,1,495,1625833397248
385.6551245601576,1,5357,17.38987154604598,4,1,496,1625833397269
622.5757539207968,1,5427,18.65757165190137,3,1,497,1625833397289
1104.2066228691422,1,5336,19.19309108288277,2,1,498,1625833397309
2697.971940945968,1,5539,20.93243447210023,1,1,499,1625833397330
10332.275218095068,1,5367,19.236575110470667,0,1,500,1625833397350
